service_name,original_path,archived_path,method,archived_at
ab_testing_service,app/services/ab_testing_service.py,archived_services/services/ab_testing_service.py,git mv,2026-01-08T13:35:56.626390
academic_export_service,app/services/academic_export_service.py,archived_services/services/academic_export_service.py,git mv,2026-01-08T13:35:56.686392
adaptive_testing_service,app/services/adaptive_testing_service.py,archived_services/services/adaptive_testing_service.py,git mv,2026-01-08T13:35:56.763725
agent_orchestrator,app/services/agent_orchestrator.py,archived_services/services/agent_orchestrator.py,git mv,2026-01-08T13:35:56.816871
ai_enhanced_email_service,app/services/ai_enhanced_email_service.py,archived_services/services/ai_enhanced_email_service.py,git mv,2026-01-08T13:35:56.911613
ai_guided_onboarding,app/services/ai_guided_onboarding.py,archived_services/services/ai_guided_onboarding.py,git mv,2026-01-08T13:35:56.970919
api_performance_service,app/services/api_performance_service.py,archived_services/services/api_performance_service.py,git mv,2026-01-08T13:35:57.028975
api_security_service,app/services/api_security_service.py,archived_services/services/api_security_service.py,git mv,2026-01-08T13:35:57.089962
assessment_integration_service,app/services/assessment_integration_service.py,archived_services/services/assessment_integration_service.py,git mv,2026-01-08T13:35:57.155639
base_service,app/services/base_service.py,archived_services/services/base_service.py,git mv,2026-01-08T13:35:57.214195
behavioral_biometrics_service,app/services/behavioral_biometrics_service.py,archived_services/services/behavioral_biometrics_service.py,git mv,2026-01-08T13:35:57.269588
behavioral_coaching_service,app/services/behavioral_coaching_service.py,archived_services/services/behavioral_coaching_service.py,git mv,2026-01-08T13:35:57.340314
behavioral_pattern_service,app/services/behavioral_pattern_service.py,archived_services/services/behavioral_pattern_service.py,git mv,2026-01-08T13:35:57.419532
clinical_assessment_service,app/services/clinical_assessment_service.py,archived_services/services/clinical_assessment_service.py,git mv,2026-01-08T13:35:57.485495
data_retention_service,app/services/data_retention_service.py,archived_services/services/data_retention_service.py,mv,2026-01-08T13:35:57.565104
deployment_service,app/services/deployment_service.py,archived_services/services/deployment_service.py,git mv,2026-01-08T13:35:57.627049
enhanced_ai_service,app/services/enhanced_ai_service.py,archived_services/services/enhanced_ai_service.py,git mv,2026-01-08T13:35:57.697998
enhanced_cache_service,app/services/enhanced_cache_service.py,archived_services/services/enhanced_cache_service.py,git mv,2026-01-08T13:35:57.761352
enterprise_billing,app/services/enterprise_billing.py,archived_services/services/enterprise_billing.py,git mv,2026-01-08T13:35:57.827849
field_encryption_service,app/services/field_encryption_service.py,archived_services/services/field_encryption_service.py,git mv,2026-01-08T13:35:57.891755
irt_calibration_service,app/services/irt_calibration_service.py,archived_services/services/irt_calibration_service.py,git mv,2026-01-08T13:35:57.973952
llm_sanitization,app/services/llm_sanitization.py,archived_services/services/llm_sanitization.py,git mv,2026-01-08T13:35:58.034048
log_aggregation_service,app/services/log_aggregation_service.py,archived_services/services/log_aggregation_service.py,git mv,2026-01-08T13:35:58.088254
memory_management_service,app/services/memory_management_service.py,archived_services/services/memory_management_service.py,git mv,2026-01-08T13:35:58.153244
pagination_service,app/services/pagination_service.py,archived_services/services/pagination_service.py,git mv,2026-01-08T13:35:58.238224
push_notification_service,app/services/push_notification_service.py,archived_services/services/push_notification_service.py,git mv,2026-01-08T13:35:58.300384
query_optimization_service,app/services/query_optimization_service.py,archived_services/services/query_optimization_service.py,git mv,2026-01-08T13:35:58.350215
rate_limiter_service,app/services/rate_limiter_service.py,archived_services/services/rate_limiter_service.py,git mv,2026-01-08T13:35:58.418320
relationship_analysis,app/services/relationship_analysis.py,archived_services/services/relationship_analysis.py,git mv,2026-01-08T13:35:58.492610
request_processor,app/services/request_processor.py,archived_services/services/request_processor.py,git mv,2026-01-08T13:35:58.558599
response_transformer,app/services/response_transformer.py,archived_services/services/response_transformer.py,git mv,2026-01-08T13:35:58.611495
restful_service,app/services/restful_service.py,archived_services/services/restful_service.py,git mv,2026-01-08T13:35:58.676810
safety_analytics_service,app/services/safety_analytics_service.py,archived_services/services/safety_analytics_service.py,git mv,2026-01-08T13:35:58.740088
search_service,app/services/search_service.py,archived_services/services/search_service.py,git mv,2026-01-08T13:35:58.805548
secure_password_reset_service,app/services/secure_password_reset_service.py,archived_services/services/secure_password_reset_service.py,git mv,2026-01-08T13:35:58.863927
security_audit_service,app/services/security_audit_service.py,archived_services/services/security_audit_service.py,git mv,2026-01-08T13:35:58.933756
security_monitoring_service,app/services/security_monitoring_service.py,archived_services/services/security_monitoring_service.py,git mv,2026-01-08T13:35:59.002842
sentiment_dashboard_service,app/services/sentiment_dashboard_service.py,archived_services/services/sentiment_dashboard_service.py,git mv,2026-01-08T13:35:59.081915
session_rotation_service,app/services/session_rotation_service.py,archived_services/services/session_rotation_service.py,git mv,2026-01-08T13:35:59.142355
slack_integration_service,app/services/slack_integration_service.py,archived_services/services/slack_integration_service.py,git mv,2026-01-08T13:35:59.197420
template_service,app/services/template_service.py,archived_services/services/template_service.py,git mv,2026-01-08T13:35:59.270331
test_analytics_service,app/services/test_analytics_service.py,archived_services/services/test_analytics_service.py,git mv,2026-01-08T13:35:59.326700
threat_intelligence_service,app/services/threat_intelligence_service.py,archived_services/services/threat_intelligence_service.py,git mv,2026-01-08T13:35:59.388679
toxicity_detection_service,app/services/toxicity_detection_service.py,archived_services/services/toxicity_detection_service.py,git mv,2026-01-08T13:35:59.451815
trend_reporting,app/services/trend_reporting.py,archived_services/services/trend_reporting.py,git mv,2026-01-08T13:35:59.549103
validation_framework,app/services/validation_framework.py,archived_services/services/validation_framework.py,git mv,2026-01-08T13:35:59.610278
web_application_firewall,app/services/web_application_firewall.py,archived_services/services/web_application_firewall.py,git mv,2026-01-08T13:35:59.673138
webhook_manager,app/services/webhook_manager.py,archived_services/services/webhook_manager.py,git mv,2026-01-08T13:35:59.728185
webhook_manager_secure,app/services/webhook_manager_secure.py,archived_services/services/webhook_manager_secure.py,mv,2026-01-08T13:35:59.807192
wellness_monitoring_service,app/services/wellness_monitoring_service.py,archived_services/services/wellness_monitoring_service.py,git mv,2026-01-08T13:35:59.865580
wordcloud_service,app/services/wordcloud_service.py,archived_services/services/wordcloud_service.py,git mv,2026-01-08T13:35:59.927657
